年月,部門,大項目,中項目,単位,区分,値
2025-04,宿泊,KPI,ADR（宿泊料/使用客室数）,円,実績,10864.0
2025-05,宿泊,KPI,ADR（宿泊料/使用客室数）,円,実績,11141.0
2025-06,宿泊,KPI,ADR（宿泊料/使用客室数）,円,実績,9973.0
2025-07,宿泊,KPI,ADR（宿泊料/使用客室数）,円,実績,10508.0
2025-08,宿泊,KPI,ADR（宿泊料/使用客室数）,円,実績,13710.0
2025-09,宿泊,KPI,ADR（宿泊料/使用客室数）,円,実績,10538.0
2025-10,宿泊,KPI,ADR（宿泊料/使用客室数）,円,実績,10564.0
2025-11,宿泊,KPI,ADR（宿泊料/使用客室数）,円,実績,10945.0
2025-12,宿泊,KPI,ADR（宿泊料/使用客室数）,円,実績,11651.0
2026-01,宿泊,KPI,ADR（宿泊料/使用客室数）,円,実績,11574.0
2026-02,宿泊,KPI,ADR（宿泊料/使用客室数）,円,実績,10377.0
2025-04,宿泊,KPI,ADR（宿泊料/使用客室数）,円,実績累計,10865.0
2025-05,宿泊,KPI,ADR（宿泊料/使用客室数）,円,実績累計,11013.0
2025-06,宿泊,KPI,ADR（宿泊料/使用客室数）,円,実績累計,10701.0
2025-07,宿泊,KPI,ADR（宿泊料/使用客室数）,円,実績累計,10652.0
2025-08,宿泊,KPI,ADR（宿泊料/使用客室数）,円,実績累計,11426.0
2025-09,宿泊,KPI,ADR（宿泊料/使用客室数）,円,実績累計,11263.0
2025-10,宿泊,KPI,ADR（宿泊料/使用客室数）,円,実績累計,11144.0
2025-11,宿泊,KPI,ADR（宿泊料/使用客室数）,円,実績累計,11115.0
2025-12,宿泊,KPI,ADR（宿泊料/使用客室数）,円,実績累計,11183.0
2026-01,宿泊,KPI,ADR（宿泊料/使用客室数）,円,実績累計,11225.0
2026-02,宿泊,KPI,ADR（宿泊料/使用客室数）,円,実績累計,11177.0
2026-03,宿泊,KPI,ADR（宿泊料/使用客室数）,円,実績累計,11177.0
2025-04,宿泊,KPI,ADR（宿泊料/使用客室数）,円,計画,10540.0
2025-05,宿泊,KPI,ADR（宿泊料/使用客室数）,円,計画,10403.0
2025-06,宿泊,KPI,ADR（宿泊料/使用客室数）,円,計画,9656.0
2025-07,宿泊,KPI,ADR（宿泊料/使用客室数）,円,計画,10213.0
2025-08,宿泊,KPI,ADR（宿泊料/使用客室数）,円,計画,12192.0
2025-09,宿泊,KPI,ADR（宿泊料/使用客室数）,円,計画,9826.0
2025-10,宿泊,KPI,ADR（宿泊料/使用客室数）,円,計画,10285.0
2025-11,宿泊,KPI,ADR（宿泊料/使用客室数）,円,計画,10503.0
2025-12,宿泊,KPI,ADR（宿泊料/使用客室数）,円,計画,10087.0
2026-01,宿泊,KPI,ADR（宿泊料/使用客室数）,円,計画,10184.0
2026-02,宿泊,KPI,ADR（宿泊料/使用客室数）,円,計画,9953.0
2025-04,宿泊,KPI,ADR（宿泊料/使用客室数）,円,計画累計,10541.0
2025-05,宿泊,KPI,ADR（宿泊料/使用客室数）,円,計画累計,10470.0
2025-06,宿泊,KPI,ADR（宿泊料/使用客室数）,円,計画累計,10203.0
2025-07,宿泊,KPI,ADR（宿泊料/使用客室数）,円,計画累計,10206.0
2025-08,宿泊,KPI,ADR（宿泊料/使用客室数）,円,計画累計,10613.0
2025-09,宿泊,KPI,ADR（宿泊料/使用客室数）,円,計画累計,10479.0
2025-10,宿泊,KPI,ADR（宿泊料/使用客室数）,円,計画累計,10451.0
2025-11,宿泊,KPI,ADR（宿泊料/使用客室数）,円,計画累計,10458.0
2025-12,宿泊,KPI,ADR（宿泊料/使用客室数）,円,計画累計,10418.0
2026-01,宿泊,KPI,ADR（宿泊料/使用客室数）,円,計画累計,10397.0
2026-02,宿泊,KPI,ADR（宿泊料/使用客室数）,円,計画累計,10356.0
2026-03,宿泊,KPI,ADR（宿泊料/使用客室数）,円,計画累計,10423.0
2025-04,宿泊,KPI,DOR（1室当り人員）,人,実績,1.56
2025-05,宿泊,KPI,DOR（1室当り人員）,人,実績,1.63
2025-06,宿泊,KPI,DOR（1室当り人員）,人,実績,1.5
2025-07,宿泊,KPI,DOR（1室当り人員）,人,実績,1.52
2025-08,宿泊,KPI,DOR（1室当り人員）,人,実績,1.78
2025-09,宿泊,KPI,DOR（1室当り人員）,人,実績,1.55
2025-10,宿泊,KPI,DOR（1室当り人員）,人,実績,1.57
2025-11,宿泊,KPI,DOR（1室当り人員）,人,実績,1.62
2025-12,宿泊,KPI,DOR（1室当り人員）,人,実績,1.59
2026-01,宿泊,KPI,DOR（1室当り人員）,人,実績,1.58
2026-02,宿泊,KPI,DOR（1室当り人員）,人,実績,1.53
2025-04,宿泊,KPI,DOR（1室当り人員）,人,実績累計,1.56
2025-05,宿泊,KPI,DOR（1室当り人員）,人,実績累計,1.6
2025-06,宿泊,KPI,DOR（1室当り人員）,人,実績累計,1.57
2025-07,宿泊,KPI,DOR（1室当り人員）,人,実績累計,1.56
2025-08,宿泊,KPI,DOR（1室当り人員）,人,実績累計,1.61
2025-09,宿泊,KPI,DOR（1室当り人員）,人,実績累計,1.6
2025-10,宿泊,KPI,DOR（1室当り人員）,人,実績累計,1.6
2025-11,宿泊,KPI,DOR（1室当り人員）,人,実績累計,1.6
2025-12,宿泊,KPI,DOR（1室当り人員）,人,実績累計,1.6
2026-01,宿泊,KPI,DOR（1室当り人員）,人,実績累計,1.6
2026-02,宿泊,KPI,DOR（1室当り人員）,人,実績累計,1.59
2026-03,宿泊,KPI,DOR（1室当り人員）,人,実績累計,1.59
2025-04,宿泊,KPI,DOR（1室当り人員）,人,計画,1.61
2025-05,宿泊,KPI,DOR（1室当り人員）,人,計画,1.59
2025-06,宿泊,KPI,DOR（1室当り人員）,人,計画,1.48
2025-07,宿泊,KPI,DOR（1室当り人員）,人,計画,1.56
2025-08,宿泊,KPI,DOR（1室当り人員）,人,計画,1.86
2025-09,宿泊,KPI,DOR（1室当り人員）,人,計画,1.5
2025-10,宿泊,KPI,DOR（1室当り人員）,人,計画,1.57
2025-11,宿泊,KPI,DOR（1室当り人員）,人,計画,1.6
2025-12,宿泊,KPI,DOR（1室当り人員）,人,計画,1.54
2026-01,宿泊,KPI,DOR（1室当り人員）,人,計画,1.56
2026-02,宿泊,KPI,DOR（1室当り人員）,人,計画,1.52
2025-04,宿泊,KPI,DOR（1室当り人員）,人,計画累計,1.61
2025-05,宿泊,KPI,DOR（1室当り人員）,人,計画累計,1.6
2025-06,宿泊,KPI,DOR（1室当り人員）,人,計画累計,1.56
2025-07,宿泊,KPI,DOR（1室当り人員）,人,計画累計,1.56
2025-08,宿泊,KPI,DOR（1室当り人員）,人,計画累計,1.62
2025-09,宿泊,KPI,DOR（1室当り人員）,人,計画累計,1.6
2025-10,宿泊,KPI,DOR（1室当り人員）,人,計画累計,1.6
2025-11,宿泊,KPI,DOR（1室当り人員）,人,計画累計,1.6
2025-12,宿泊,KPI,DOR（1室当り人員）,人,計画累計,1.59
2026-01,宿泊,KPI,DOR（1室当り人員）,人,計画累計,1.59
2026-02,宿泊,KPI,DOR（1室当り人員）,人,計画累計,1.58
2026-03,宿泊,KPI,DOR（1室当り人員）,人,計画累計,1.59
2025-04,宿泊,KPI,OCC（客室稼働率）,％,実績,59.1
2025-05,宿泊,KPI,OCC（客室稼働率）,％,実績,66.4
2025-06,宿泊,KPI,OCC（客室稼働率）,％,実績,54.7
2025-07,宿泊,KPI,OCC（客室稼働率）,％,実績,62.8
2025-08,宿泊,KPI,OCC（客室稼働率）,％,実績,80.4
2025-09,宿泊,KPI,OCC（客室稼働率）,％,実績,73.9
2025-10,宿泊,KPI,OCC（客室稼働率）,％,実績,79.5
2025-11,宿泊,KPI,OCC（客室稼働率）,％,実績,85.1
2025-12,宿泊,KPI,OCC（客室稼働率）,％,実績,80.9
2026-01,宿泊,KPI,OCC（客室稼働率）,％,実績,78.8
2026-02,宿泊,KPI,OCC（客室稼働率）,％,実績,82.7
2025-04,宿泊,KPI,OCC（客室稼働率）,%,実績累計,59.1
2025-05,宿泊,KPI,OCC（客室稼働率）,%,実績累計,62.8
2025-06,宿泊,KPI,OCC（客室稼働率）,%,実績累計,60.1
2025-07,宿泊,KPI,OCC（客室稼働率）,%,実績累計,60.8
2025-08,宿泊,KPI,OCC（客室稼働率）,%,実績累計,64.8
2025-09,宿泊,KPI,OCC（客室稼働率）,%,実績累計,66.3
2025-10,宿泊,KPI,OCC（客室稼働率）,%,実績累計,68.2
2025-11,宿泊,KPI,OCC（客室稼働率）,%,実績累計,70.3
2025-12,宿泊,KPI,OCC（客室稼働率）,%,実績累計,71.5
2026-01,宿泊,KPI,OCC（客室稼働率）,%,実績累計,72.2
2026-02,宿泊,KPI,OCC（客室稼働率）,%,実績累計,72.7
2026-03,宿泊,KPI,OCC（客室稼働率）,%,実績累計,72.7
2025-04,宿泊,KPI,OCC（客室稼働率）,％,計画,77.4
2025-05,宿泊,KPI,OCC（客室稼働率）,％,計画,80.3
2025-06,宿泊,KPI,OCC（客室稼働率）,％,計画,78.3
2025-07,宿泊,KPI,OCC（客室稼働率）,％,計画,80.8
2025-08,宿泊,KPI,OCC（客室稼働率）,％,計画,79.8
2025-09,宿泊,KPI,OCC（客室稼働率）,％,計画,82.5
2025-10,宿泊,KPI,OCC（客室稼働率）,％,計画,79.9
2025-11,宿泊,KPI,OCC（客室稼働率）,％,計画,89.9
2025-12,宿泊,KPI,OCC（客室稼働率）,％,計画,77.3
2026-01,宿泊,KPI,OCC（客室稼働率）,％,計画,74.3
2026-02,宿泊,KPI,OCC（客室稼働率）,％,計画,87.8
2025-04,宿泊,KPI,OCC（客室稼働率）,%,計画累計,77.4
2025-05,宿泊,KPI,OCC（客室稼働率）,%,計画累計,78.9
2025-06,宿泊,KPI,OCC（客室稼働率）,%,計画累計,78.7
2025-07,宿泊,KPI,OCC（客室稼働率）,%,計画累計,79.2
2025-08,宿泊,KPI,OCC（客室稼働率）,%,計画累計,79.3
2025-09,宿泊,KPI,OCC（客室稼働率）,%,計画累計,79.9
2025-10,宿泊,KPI,OCC（客室稼働率）,%,計画累計,79.9
2025-11,宿泊,KPI,OCC（客室稼働率）,%,計画累計,81.1
2025-12,宿泊,KPI,OCC（客室稼働率）,%,計画累計,80.7
2026-01,宿泊,KPI,OCC（客室稼働率）,%,計画累計,80.0
2026-02,宿泊,KPI,OCC（客室稼働率）,%,計画累計,80.7
2026-03,宿泊,KPI,OCC（客室稼働率）,%,計画累計,80.8
2025-04,宿泊,KPI,RevPAR(OCC*ADR),円,実績,6421.0
2025-05,宿泊,KPI,RevPAR(OCC*ADR),円,実績,7398.0
2025-06,宿泊,KPI,RevPAR(OCC*ADR),円,実績,5455.0
2025-07,宿泊,KPI,RevPAR(OCC*ADR),円,実績,6599.0
2025-08,宿泊,KPI,RevPAR(OCC*ADR),円,実績,11023.0
2025-09,宿泊,KPI,RevPAR(OCC*ADR),円,実績,7788.0
2025-10,宿泊,KPI,RevPAR(OCC*ADR),円,実績,8398.0
2025-11,宿泊,KPI,RevPAR(OCC*ADR),円,実績,9314.0
2025-12,宿泊,KPI,RevPAR(OCC*ADR),円,実績,9426.0
2026-01,宿泊,KPI,RevPAR(OCC*ADR),円,実績,9120.0
2026-02,宿泊,KPI,RevPAR(OCC*ADR),円,実績,8582.0
2025-04,宿泊,KPI,RevPAR(OCC*ADR),円,実績累計,6416.0
2025-05,宿泊,KPI,RevPAR(OCC*ADR),円,実績累計,6916.0
2025-06,宿泊,KPI,RevPAR(OCC*ADR),円,実績累計,6435.0
2025-07,宿泊,KPI,RevPAR(OCC*ADR),円,実績累計,6474.0
2025-08,宿泊,KPI,RevPAR(OCC*ADR),円,実績累計,7401.0
2025-09,宿泊,KPI,RevPAR(OCC*ADR),円,実績累計,7465.0
2025-10,宿泊,KPI,RevPAR(OCC*ADR),円,実績累計,7601.0
2025-11,宿泊,KPI,RevPAR(OCC*ADR),円,実績累計,7813.0
2025-12,宿泊,KPI,RevPAR(OCC*ADR),円,実績累計,7995.0
2026-01,宿泊,KPI,RevPAR(OCC*ADR),円,実績累計,8107.0
2026-02,宿泊,KPI,RevPAR(OCC*ADR),円,実績累計,8131.0
2026-03,宿泊,KPI,RevPAR(OCC*ADR),円,実績累計,8131.0
2025-04,宿泊,KPI,RevPAR(OCC*ADR),円,計画,8158.0
2025-05,宿泊,KPI,RevPAR(OCC*ADR),円,計画,8354.0
2025-06,宿泊,KPI,RevPAR(OCC*ADR),円,計画,7561.0
2025-07,宿泊,KPI,RevPAR(OCC*ADR),円,計画,8252.0
2025-08,宿泊,KPI,RevPAR(OCC*ADR),円,計画,9729.0
2025-09,宿泊,KPI,RevPAR(OCC*ADR),円,計画,8106.0
2025-10,宿泊,KPI,RevPAR(OCC*ADR),円,計画,8218.0
2025-11,宿泊,KPI,RevPAR(OCC*ADR),円,計画,9442.0
2025-12,宿泊,KPI,RevPAR(OCC*ADR),円,計画,7797.0
2026-01,宿泊,KPI,RevPAR(OCC*ADR),円,計画,7567.0
2026-02,宿泊,KPI,RevPAR(OCC*ADR),円,計画,8739.0
2025-04,宿泊,KPI,RevPAR(OCC*ADR),円,計画累計,8158.0
2025-05,宿泊,KPI,RevPAR(OCC*ADR),円,計画累計,8257.0
2025-06,宿泊,KPI,RevPAR(OCC*ADR),円,計画累計,8029.0
2025-07,宿泊,KPI,RevPAR(OCC*ADR),円,計画累計,8084.0
2025-08,宿泊,KPI,RevPAR(OCC*ADR),円,計画累計,8420.0
2025-09,宿泊,KPI,RevPAR(OCC*ADR),円,計画累計,8369.0
2025-10,宿泊,KPI,RevPAR(OCC*ADR),円,計画累計,8347.0
2025-11,宿泊,KPI,RevPAR(OCC*ADR),円,計画累計,8481.0
2025-12,宿泊,KPI,RevPAR(OCC*ADR),円,計画累計,8404.0
2026-01,宿泊,KPI,RevPAR(OCC*ADR),円,計画累計,8322.0
2026-02,宿泊,KPI,RevPAR(OCC*ADR),円,計画累計,8357.0
2026-03,宿泊,KPI,RevPAR(OCC*ADR),円,計画累計,8427.0
2025-04,宿泊,KPI,使用客室数,部屋,実績,815.0
2025-05,宿泊,KPI,使用客室数,部屋,実績,947.0
2025-06,宿泊,KPI,使用客室数,部屋,実績,755.0
2025-07,宿泊,KPI,使用客室数,部屋,実績,866.0
2025-08,宿泊,KPI,使用客室数,部屋,実績,1146.0
2025-09,宿泊,KPI,使用客室数,部屋,実績,1020.0
2025-10,宿泊,KPI,使用客室数,部屋,実績,1134.0
2025-11,宿泊,KPI,使用客室数,部屋,実績,1175.0
2025-12,宿泊,KPI,使用客室数,部屋,実績,1153.0
2026-01,宿泊,KPI,使用客室数,部屋,実績,1088.0
2026-02,宿泊,KPI,使用客室数,部屋,実績,609.0
2026-03,宿泊,KPI,使用客室数,部屋,実績,0.0
2025-04,宿泊,KPI,使用客室数,部屋,実績累計,815.0
2025-05,宿泊,KPI,使用客室数,部屋,実績累計,1762.0
2025-06,宿泊,KPI,使用客室数,部屋,実績累計,2517.0
2025-07,宿泊,KPI,使用客室数,部屋,実績累計,3383.0
2025-08,宿泊,KPI,使用客室数,部屋,実績累計,4529.0
2025-09,宿泊,KPI,使用客室数,部屋,実績累計,5549.0
2025-10,宿泊,KPI,使用客室数,部屋,実績累計,6683.0
2025-11,宿泊,KPI,使用客室数,部屋,実績累計,7858.0
2025-12,宿泊,KPI,使用客室数,部屋,実績累計,9011.0
2026-01,宿泊,KPI,使用客室数,部屋,実績累計,10099.0
2026-02,宿泊,KPI,使用客室数,部屋,実績累計,10708.0
2026-03,宿泊,KPI,使用客室数,部屋,実績累計,10708.0
2025-04,宿泊,KPI,使用客室数,部屋,計画,1068.0
2025-05,宿泊,KPI,使用客室数,部屋,計画,1145.0
2025-06,宿泊,KPI,使用客室数,部屋,計画,1081.0
2025-07,宿泊,KPI,使用客室数,部屋,計画,1115.0
2025-08,宿泊,KPI,使用客室数,部屋,計画,1138.0
2025-09,宿泊,KPI,使用客室数,部屋,計画,1139.0
2025-10,宿泊,KPI,使用客室数,部屋,計画,1139.0
2025-11,宿泊,KPI,使用客室数,部屋,計画,1240.0
2025-12,宿泊,KPI,使用客室数,部屋,計画,1103.0
2026-01,宿泊,KPI,使用客室数,部屋,計画,1025.0
2026-02,宿泊,KPI,使用客室数,部屋,計画,1131.0
2026-03,宿泊,KPI,使用客室数,部屋,計画,1176.0
2025-04,宿泊,KPI,使用客室数,部屋,計画累計,1068.0
2025-05,宿泊,KPI,使用客室数,部屋,計画累計,2213.0
2025-06,宿泊,KPI,使用客室数,部屋,計画累計,3294.0
2025-07,宿泊,KPI,使用客室数,部屋,計画累計,4409.0
2025-08,宿泊,KPI,使用客室数,部屋,計画累計,5547.0
2025-09,宿泊,KPI,使用客室数,部屋,計画累計,6686.0
2025-10,宿泊,KPI,使用客室数,部屋,計画累計,7825.0
2025-11,宿泊,KPI,使用客室数,部屋,計画累計,9065.0
2025-12,宿泊,KPI,使用客室数,部屋,計画累計,10168.0
2026-01,宿泊,KPI,使用客室数,部屋,計画累計,11193.0
2026-02,宿泊,KPI,使用客室数,部屋,計画累計,12324.0
2026-03,宿泊,KPI,使用客室数,部屋,計画累計,13500.0
2025-04,宿泊,KPI,定員稼働率,％,実績,48.1
2025-05,宿泊,KPI,定員稼働率,％,実績,56.6
2025-06,宿泊,KPI,定員稼働率,％,実績,42.8
2025-07,宿泊,KPI,定員稼働率,％,実績,50.0
2025-08,宿泊,KPI,定員稼働率,％,実績,74.9
2025-09,宿泊,KPI,定員稼働率,％,実績,60.1
2025-10,宿泊,KPI,定員稼働率,％,実績,65.2
2025-11,宿泊,KPI,定員稼働率,％,実績,71.9
2025-12,宿泊,KPI,定員稼働率,％,実績,67.3
2026-01,宿泊,KPI,定員稼働率,％,実績,65.3
2026-02,宿泊,KPI,定員稼働率,％,実績,66.0
2025-04,宿泊,KPI,定員稼働率,%,実績累計,48.1
2025-05,宿泊,KPI,定員稼働率,%,実績累計,52.4
2025-06,宿泊,KPI,定員稼働率,%,実績累計,49.3
2025-07,宿泊,KPI,定員稼働率,%,実績累計,49.4
2025-08,宿泊,KPI,定員稼働率,%,実績累計,54.6
2025-09,宿泊,KPI,定員稼働率,%,実績累計,55.5
2025-10,宿泊,KPI,定員稼働率,%,実績累計,56.9
2025-11,宿泊,KPI,定員稼働率,%,実績累計,58.8
2025-12,宿泊,KPI,定員稼働率,%,実績累計,59.8
2026-01,宿泊,KPI,定員稼働率,%,実績累計,60.3
2026-02,宿泊,KPI,定員稼働率,%,実績累計,60.6
2026-03,宿泊,KPI,定員稼働率,%,実績累計,60.6
2025-04,宿泊,KPI,定員稼働率,％,計画,65.2
2025-05,宿泊,KPI,定員稼働率,％,計画,66.7
2025-06,宿泊,KPI,定員稼働率,％,計画,60.4
2025-07,宿泊,KPI,定員稼働率,％,計画,65.9
2025-08,宿泊,KPI,定員稼働率,％,計画,77.7
2025-09,宿泊,KPI,定員稼働率,％,計画,64.8
2025-10,宿泊,KPI,定員稼働率,％,計画,65.6
2025-11,宿泊,KPI,定員稼働率,％,計画,75.4
2025-12,宿泊,KPI,定員稼働率,％,計画,62.3
2026-01,宿泊,KPI,定員稼働率,％,計画,60.4
2026-02,宿泊,KPI,定員稼働率,％,計画,69.8
2025-04,宿泊,KPI,定員稼働率,%,計画累計,65.2
2025-05,宿泊,KPI,定員稼働率,%,計画累計,65.9
2025-06,宿泊,KPI,定員稼働率,%,計画累計,64.1
2025-07,宿泊,KPI,定員稼働率,%,計画累計,64.6
2025-08,宿泊,KPI,定員稼働率,%,計画累計,67.2
2025-09,宿泊,KPI,定員稼働率,%,計画累計,66.8
2025-10,宿泊,KPI,定員稼働率,%,計画累計,66.7
2025-11,宿泊,KPI,定員稼働率,%,計画累計,67.7
2025-12,宿泊,KPI,定員稼働率,%,計画累計,67.1
2026-01,宿泊,KPI,定員稼働率,%,計画累計,66.5
2026-02,宿泊,KPI,定員稼働率,%,計画累計,66.7
2026-03,宿泊,KPI,定員稼働率,%,計画累計,67.3
2025-04,宿泊,KPI,（宿泊料+食事料）,円,実績,8224.835303388494
2025-05,宿泊,KPI,（宿泊料+食事料）,円,実績,8289.293851132687
2025-06,宿泊,KPI,（宿泊料+食事料）,円,実績,8130.6769911504425
2025-07,宿泊,KPI,（宿泊料+食事料）,円,実績,8052.425
2025-08,宿泊,KPI,（宿泊料+食事料）,円,実績,8841.714145863925
2025-09,宿泊,KPI,（宿泊料+食事料）,円,実績,8269.601513240857
2025-10,宿泊,KPI,（宿泊料+食事料）,円,実績,8118.508426966292
2025-11,宿泊,KPI,（宿泊料+食事料）,円,実績,8304.90727081138
2025-12,宿泊,KPI,（宿泊料+食事料）,円,実績,9233.376156777354
2026-01,宿泊,KPI,（宿泊料+食事料）,円,実績,9666.12354988399
2026-02,宿泊,KPI,（宿泊料+食事料）,円,実績,8334.575888051668
2025-04,宿泊,KPI,（宿泊料+食事料）,円,実績累計,8224.835303388494
2025-05,宿泊,KPI,（宿泊料+食事料）,円,実績累計,16514.12915452118
2025-06,宿泊,KPI,（宿泊料+食事料）,円,実績累計,24644.80614567162
2025-07,宿泊,KPI,（宿泊料+食事料）,円,実績累計,32697.23114567162
2025-08,宿泊,KPI,（宿泊料+食事料）,円,実績累計,41538.94529153554
2025-09,宿泊,KPI,（宿泊料+食事料）,円,実績累計,49808.5468047764
2025-10,宿泊,KPI,（宿泊料+食事料）,円,実績累計,57927.05523174269
2025-11,宿泊,KPI,（宿泊料+食事料）,円,実績累計,66231.96250255407
2025-12,宿泊,KPI,（宿泊料+食事料）,円,実績累計,75465.33865933144
2026-01,宿泊,KPI,（宿泊料+食事料）,円,実績累計,85131.46220921543
2026-02,宿泊,KPI,（宿泊料+食事料）,円,実績累計,93466.0380972671
2025-04,宿泊,KPI,（宿泊料+食事料）,円,計画,8044.729604725578
2025-05,宿泊,KPI,（宿泊料+食事料）,円,計画,8044.729604725577
2025-06,宿泊,KPI,（宿泊料+食事料）,円,計画,8044.35029438075
2025-07,宿泊,KPI,（宿泊料+食事料）,円,計画,8044.729604725577
2025-08,宿泊,KPI,（宿泊料+食事料）,円,計画,8044.729604725577
2025-09,宿泊,KPI,（宿泊料+食事料）,円,計画,8044.729604725578
2025-10,宿泊,KPI,（宿泊料+食事料）,円,計画,8044.729604725577
2025-11,宿泊,KPI,（宿泊料+食事料）,円,計画,8044.729604725577
2025-12,宿泊,KPI,（宿泊料+食事料）,円,計画,8044.729604725577
2026-01,宿泊,KPI,（宿泊料+食事料）,円,計画,8044.35029438075
2026-02,宿泊,KPI,（宿泊料+食事料）,円,計画,8044.729604725578
2025-04,宿泊,KPI,（宿泊料+食事料）,円,計画累計,8044.729604725578
2025-05,宿泊,KPI,（宿泊料+食事料）,円,計画累計,16089.459209451154
2025-06,宿泊,KPI,（宿泊料+食事料）,円,計画累計,24133.809503831904
2025-07,宿泊,KPI,（宿泊料+食事料）,円,計画累計,32178.53910855748
2025-08,宿泊,KPI,（宿泊料+食事料）,円,計画累計,40223.26871328306
2025-09,宿泊,KPI,（宿泊料+食事料）,円,計画累計,48267.99831800864
2025-10,宿泊,KPI,（宿泊料+食事料）,円,計画累計,56312.72792273422
2025-11,宿泊,KPI,（宿泊料+食事料）,円,計画累計,64357.4575274598
2025-12,宿泊,KPI,（宿泊料+食事料）,円,計画累計,72402.18713218538
2026-01,宿泊,KPI,（宿泊料+食事料）,円,計画累計,80446.53742656614
2026-02,宿泊,KPI,（宿泊料+食事料）,円,計画累計,88491.26703129172
2025-04,宿泊,営業状況,営業日数,日,実績,30.0
2025-05,宿泊,営業状況,営業日数,日,実績,31.0
2025-06,宿泊,営業状況,営業日数,日,実績,30.0
2025-07,宿泊,営業状況,営業日数,日,実績,30.0
2025-08,宿泊,営業状況,営業日数,日,実績,31.0
2025-09,宿泊,営業状況,営業日数,日,実績,30.0
2025-10,宿泊,営業状況,営業日数,日,実績,31.0
2025-11,宿泊,営業状況,営業日数,日,実績,30.0
2025-12,宿泊,営業状況,営業日数,日,実績,31.0
2026-01,宿泊,営業状況,営業日数,日,実績,30.0
2026-02,宿泊,営業状況,営業日数,日,実績,16.0
2026-03,宿泊,営業状況,営業日数,日,実績,0.0
2025-04,宿泊,営業状況,営業日数,日,実績累計,30.0
2025-05,宿泊,営業状況,営業日数,日,実績累計,61.0
2025-06,宿泊,営業状況,営業日数,日,実績累計,91.0
2025-07,宿泊,営業状況,営業日数,日,実績累計,121.0
2025-08,宿泊,営業状況,営業日数,日,実績累計,152.0
2025-09,宿泊,営業状況,営業日数,日,実績累計,182.0
2025-10,宿泊,営業状況,営業日数,日,実績累計,213.0
2025-11,宿泊,営業状況,営業日数,日,実績累計,243.0
2025-12,宿泊,営業状況,営業日数,日,実績累計,274.0
2026-01,宿泊,営業状況,営業日数,日,実績累計,304.0
2026-02,宿泊,営業状況,営業日数,日,実績累計,320.0
2026-03,宿泊,営業状況,営業日数,日,実績累計,320.0
2025-04,宿泊,営業状況,営業日数,日,計画,30.0
2025-05,宿泊,営業状況,営業日数,日,計画,31.0
2025-06,宿泊,営業状況,営業日数,日,計画,30.0
2025-07,宿泊,営業状況,営業日数,日,計画,30.0
2025-08,宿泊,営業状況,営業日数,日,計画,31.0
2025-09,宿泊,営業状況,営業日数,日,計画,30.0
2025-10,宿泊,営業状況,営業日数,日,計画,31.0
2025-11,宿泊,営業状況,営業日数,日,計画,30.0
2025-12,宿泊,営業状況,営業日数,日,計画,31.0
2026-01,宿泊,営業状況,営業日数,日,計画,30.0
2026-02,宿泊,営業状況,営業日数,日,計画,28.0
2026-03,宿泊,営業状況,営業日数,日,計画,31.0
2025-04,宿泊,営業状況,営業日数,日,計画累計,30.0
2025-05,宿泊,営業状況,営業日数,日,計画累計,61.0
2025-06,宿泊,営業状況,営業日数,日,計画累計,91.0
2025-07,宿泊,営業状況,営業日数,日,計画累計,121.0
2025-08,宿泊,営業状況,営業日数,日,計画累計,152.0
2025-09,宿泊,営業状況,営業日数,日,計画累計,182.0
2025-10,宿泊,営業状況,営業日数,日,計画累計,213.0
2025-11,宿泊,営業状況,営業日数,日,計画累計,243.0
2025-12,宿泊,営業状況,営業日数,日,計画累計,274.0
2026-01,宿泊,営業状況,営業日数,日,計画累計,304.0
2026-02,宿泊,営業状況,営業日数,日,計画累計,332.0
2026-03,宿泊,営業状況,営業日数,日,計画累計,363.0
2025-04,宿泊,営業状況,定員,人,実績,2640.0
2025-05,宿泊,営業状況,定員,人,実績,2728.0
2025-06,宿泊,営業状況,定員,人,実績,2640.0
2025-07,宿泊,営業状況,定員,人,実績,2640.0
2025-08,宿泊,営業状況,定員,人,実績,2728.0
2025-09,宿泊,営業状況,定員,人,実績,2640.0
2025-10,宿泊,営業状況,定員,人,実績,2728.0
2025-11,宿泊,営業状況,定員,人,実績,2640.0
2025-12,宿泊,営業状況,定員,人,実績,2728.0
2026-01,宿泊,営業状況,定員,人,実績,2640.0
2026-02,宿泊,営業状況,定員,人,実績,1408.0
2026-03,宿泊,営業状況,定員,人,実績,0.0
2025-04,宿泊,営業状況,定員,人,実績累計,2640.0
2025-05,宿泊,営業状況,定員,人,実績累計,5368.0
2025-06,宿泊,営業状況,定員,人,実績累計,8008.0
2025-07,宿泊,営業状況,定員,人,実績累計,10648.0
2025-08,宿泊,営業状況,定員,人,実績累計,13376.0
2025-09,宿泊,営業状況,定員,人,実績累計,16016.0
2025-10,宿泊,営業状況,定員,人,実績累計,18744.0
2025-11,宿泊,営業状況,定員,人,実績累計,21384.0
2025-12,宿泊,営業状況,定員,人,実績累計,24112.0
2026-01,宿泊,営業状況,定員,人,実績累計,26752.0
2026-02,宿泊,営業状況,定員,人,実績累計,28160.0
2026-03,宿泊,営業状況,定員,人,実績累計,28160.0
2025-04,宿泊,営業状況,定員,人,計画,2640.0
2025-05,宿泊,営業状況,定員,人,計画,2728.0
2025-06,宿泊,営業状況,定員,人,計画,2640.0
2025-07,宿泊,営業状況,定員,人,計画,2640.0
2025-08,宿泊,営業状況,定員,人,計画,2728.0
2025-09,宿泊,営業状況,定員,人,計画,2640.0
2025-10,宿泊,営業状況,定員,人,計画,2728.0
2025-11,宿泊,営業状況,定員,人,計画,2640.0
2025-12,宿泊,営業状況,定員,人,計画,2728.0
2026-01,宿泊,営業状況,定員,人,計画,2640.0
2026-02,宿泊,営業状況,定員,人,計画,2464.0
2026-03,宿泊,営業状況,定員,人,計画,2728.0
2025-04,宿泊,営業状況,定員,人,計画累計,2640.0
2025-05,宿泊,営業状況,定員,人,計画累計,5368.0
2025-06,宿泊,営業状況,定員,人,計画累計,8008.0
2025-07,宿泊,営業状況,定員,人,計画累計,10648.0
2025-08,宿泊,営業状況,定員,人,計画累計,13376.0
2025-09,宿泊,営業状況,定員,人,計画累計,16016.0
2025-10,宿泊,営業状況,定員,人,計画累計,18744.0
2025-11,宿泊,営業状況,定員,人,計画累計,21384.0
2025-12,宿泊,営業状況,定員,人,計画累計,24112.0
2026-01,宿泊,営業状況,定員,人,計画累計,26752.0
2026-02,宿泊,営業状況,定員,人,計画累計,29216.0
2026-03,宿泊,営業状況,定員,人,計画累計,31944.0
2025-04,宿泊,営業状況,販売可能部屋数,部屋,実績,1380.0
2025-05,宿泊,営業状況,販売可能部屋数,部屋,実績,1426.0
2025-06,宿泊,営業状況,販売可能部屋数,部屋,実績,1380.0
2025-07,宿泊,営業状況,販売可能部屋数,部屋,実績,1380.0
2025-08,宿泊,営業状況,販売可能部屋数,部屋,実績,1426.0
2025-09,宿泊,営業状況,販売可能部屋数,部屋,実績,1380.0
2025-10,宿泊,営業状況,販売可能部屋数,部屋,実績,1426.0
2025-11,宿泊,営業状況,販売可能部屋数,部屋,実績,1380.0
2025-12,宿泊,営業状況,販売可能部屋数,部屋,実績,1426.0
2026-01,宿泊,営業状況,販売可能部屋数,部屋,実績,1380.0
2026-02,宿泊,営業状況,販売可能部屋数,部屋,実績,736.0
2026-03,宿泊,営業状況,販売可能部屋数,部屋,実績,0.0
2025-04,宿泊,営業状況,販売可能部屋数,部屋,実績累計,1380.0
2025-05,宿泊,営業状況,販売可能部屋数,部屋,実績累計,2806.0
2025-06,宿泊,営業状況,販売可能部屋数,部屋,実績累計,4186.0
2025-07,宿泊,営業状況,販売可能部屋数,部屋,実績累計,5566.0
2025-08,宿泊,営業状況,販売可能部屋数,部屋,実績累計,6992.0
2025-09,宿泊,営業状況,販売可能部屋数,部屋,実績累計,8372.0
2025-10,宿泊,営業状況,販売可能部屋数,部屋,実績累計,9798.0
2025-11,宿泊,営業状況,販売可能部屋数,部屋,実績累計,11178.0
2025-12,宿泊,営業状況,販売可能部屋数,部屋,実績累計,12604.0
2026-01,宿泊,営業状況,販売可能部屋数,部屋,実績累計,13984.0
2026-02,宿泊,営業状況,販売可能部屋数,部屋,実績累計,14720.0
2026-03,宿泊,営業状況,販売可能部屋数,部屋,実績累計,14720.0
2025-04,宿泊,営業状況,販売可能部屋数,部屋,計画,1380.0
2025-05,宿泊,営業状況,販売可能部屋数,部屋,計画,1426.0
2025-06,宿泊,営業状況,販売可能部屋数,部屋,計画,1380.0
2025-07,宿泊,営業状況,販売可能部屋数,部屋,計画,1380.0
2025-08,宿泊,営業状況,販売可能部屋数,部屋,計画,1426.0
2025-09,宿泊,営業状況,販売可能部屋数,部屋,計画,1380.0
2025-10,宿泊,営業状況,販売可能部屋数,部屋,計画,1426.0
2025-11,宿泊,営業状況,販売可能部屋数,部屋,計画,1380.0
2025-12,宿泊,営業状況,販売可能部屋数,部屋,計画,1426.0
2026-01,宿泊,営業状況,販売可能部屋数,部屋,計画,1380.0
2026-02,宿泊,営業状況,販売可能部屋数,部屋,計画,1288.0
2026-03,宿泊,営業状況,販売可能部屋数,部屋,計画,1426.0
2025-04,宿泊,営業状況,販売可能部屋数,部屋,計画累計,1380.0
2025-05,宿泊,営業状況,販売可能部屋数,部屋,計画累計,2806.0
2025-06,宿泊,営業状況,販売可能部屋数,部屋,計画累計,4186.0
2025-07,宿泊,営業状況,販売可能部屋数,部屋,計画累計,5566.0
2025-08,宿泊,営業状況,販売可能部屋数,部屋,計画累計,6992.0
2025-09,宿泊,営業状況,販売可能部屋数,部屋,計画累計,8372.0
2025-10,宿泊,営業状況,販売可能部屋数,部屋,計画累計,9798.0
2025-11,宿泊,営業状況,販売可能部屋数,部屋,計画累計,11178.0
2025-12,宿泊,営業状況,販売可能部屋数,部屋,計画累計,12604.0
2026-01,宿泊,営業状況,販売可能部屋数,部屋,計画累計,13984.0
2026-02,宿泊,営業状況,販売可能部屋数,部屋,計画累計,15272.0
2026-03,宿泊,営業状況,販売可能部屋数,部屋,計画累計,16698.0
2025-04,宿泊,売上,その他,千円,実績,6513412.0
2025-05,宿泊,売上,その他,千円,実績,6127553.0
2025-06,宿泊,売上,その他,千円,実績,4723406.0
2025-07,宿泊,売上,その他,千円,実績,5179477.0
2025-08,宿泊,売上,その他,千円,実績,10460921.0
2025-09,宿泊,売上,その他,千円,実績,6181172.0
2025-10,宿泊,売上,その他,千円,実績,8226882.0
2025-11,宿泊,売上,その他,千円,実績,8602154.0
2025-12,宿泊,売上,その他,千円,実績,8315095.0
2026-01,宿泊,売上,その他,千円,実績,8422135.0
2026-02,宿泊,売上,その他,千円,実績,4449601.0
2026-03,宿泊,売上,その他,千円,実績,0.0
2025-04,宿泊,売上,その他,千円,実績累計,6513412.0
2025-05,宿泊,売上,その他,千円,実績累計,12640965.0
2025-06,宿泊,売上,その他,千円,実績累計,17364371.0
2025-07,宿泊,売上,その他,千円,実績累計,22543848.0
2025-08,宿泊,売上,その他,千円,実績累計,33004769.0
2025-09,宿泊,売上,その他,千円,実績累計,39185941.0
2025-10,宿泊,売上,その他,千円,実績累計,47412823.0
2025-11,宿泊,売上,その他,千円,実績累計,56014977.0
2025-12,宿泊,売上,その他,千円,実績累計,64330072.0
2026-01,宿泊,売上,その他,千円,実績累計,72752207.0
2026-02,宿泊,売上,その他,千円,実績累計,77201808.0
2026-03,宿泊,売上,その他,千円,実績累計,77201808.0
2025-04,宿泊,売上,その他,千円,計画,6149000.0
2025-05,宿泊,売上,その他,千円,計画,6506500.0
2025-06,宿泊,売上,その他,千円,計画,5698550.0
2025-07,宿泊,売上,その他,千円,計画,6220500.0
2025-08,宿泊,売上,その他,千円,計画,7579000.0
2025-09,宿泊,売上,その他,千円,計画,6113250.0
2025-10,宿泊,売上,その他,千円,計画,6399250.0
2025-11,宿泊,売上,その他,千円,計画,7114250.0
2025-12,宿泊,売上,その他,千円,計画,6077500.0
2026-01,宿泊,売上,その他,千円,計画,5698550.0
2026-02,宿泊,売上,その他,千円,計画,6149000.0
2026-03,宿泊,売上,その他,千円,計画,7150000.0
2025-04,宿泊,売上,その他,千円,計画累計,6149000.0
2025-05,宿泊,売上,その他,千円,計画累計,12655500.0
2025-06,宿泊,売上,その他,千円,計画累計,18354050.0
2025-07,宿泊,売上,その他,千円,計画累計,24574550.0
2025-08,宿泊,売上,その他,千円,計画累計,32153550.0
2025-09,宿泊,売上,その他,千円,計画累計,38266800.0
2025-10,宿泊,売上,その他,千円,計画累計,44666050.0
2025-11,宿泊,売上,その他,千円,計画累計,51780300.0
2025-12,宿泊,売上,その他,千円,計画累計,57857800.0
2026-01,宿泊,売上,その他,千円,計画累計,63556350.0
2026-02,宿泊,売上,その他,千円,計画累計,69705350.0
2026-03,宿泊,売上,その他,千円,計画累計,76855350.0
2025-04,宿泊,売上,合計,千円,実績,8854754.0
2025-05,宿泊,売上,合計,千円,実績,10550806.0
2025-06,宿泊,売上,合計,千円,実績,7530070.0
2025-07,宿泊,売上,合計,千円,実績,9100774.0
2025-08,宿泊,売上,合計,千円,実績,15712000.0
2025-09,宿泊,売上,合計,千円,実績,10749270.0
2025-10,宿泊,売上,合計,千円,実績,11980152.0
2025-11,宿泊,売上,合計,千円,実績,12860503.0
2025-12,宿泊,売上,合計,千円,実績,13434043.0
2026-01,宿泊,売上,合計,千円,実績,12593288.0
2026-02,宿泊,売上,合計,千円,実績,6320174.0
2026-03,宿泊,売上,合計,千円,実績,0.0
2025-04,宿泊,売上,合計,千円,実績累計,8854754.0
2025-05,宿泊,売上,合計,千円,実績累計,19405560.0
2025-06,宿泊,売上,合計,千円,実績累計,26935630.0
2025-07,宿泊,売上,合計,千円,実績累計,36036404.0
2025-08,宿泊,売上,合計,千円,実績累計,51748404.0
2025-09,宿泊,売上,合計,千円,実績累計,62497674.0
2025-10,宿泊,売上,合計,千円,実績累計,74477826.0
2025-11,宿泊,売上,合計,千円,実績累計,87338329.0
2025-12,宿泊,売上,合計,千円,実績累計,100772372.0
2026-01,宿泊,売上,合計,千円,実績累計,113365660.0
2026-02,宿泊,売上,合計,千円,実績累計,119685834.0
2026-03,宿泊,売上,合計,千円,実績累計,119685834.0
2025-04,宿泊,売上,合計,千円,計画,11257400.0
2025-05,宿泊,売上,合計,千円,計画,11911900.0
2025-06,宿泊,売上,合計,千円,計画,10438670.0
2025-07,宿泊,売上,合計,千円,計画,11388300.0
2025-08,宿泊,売上,合計,千円,計画,13875400.0
2025-09,宿泊,売上,合計,千円,計画,11191950.0
2025-10,宿泊,売上,合計,千円,計画,11715550.0
2025-11,宿泊,売上,合計,千円,計画,13024550.0
2025-12,宿泊,売上,合計,千円,計画,11126500.0
2026-01,宿泊,売上,合計,千円,計画,10438670.0
2026-02,宿泊,売上,合計,千円,計画,11257400.0
2026-03,宿泊,売上,合計,千円,計画,13090000.0
2025-04,宿泊,売上,合計,千円,計画累計,11257400.0
2025-05,宿泊,売上,合計,千円,計画累計,23169300.0
2025-06,宿泊,売上,合計,千円,計画累計,33607970.0
2025-07,宿泊,売上,合計,千円,計画累計,44996270.0
2025-08,宿泊,売上,合計,千円,計画累計,58871670.0
2025-09,宿泊,売上,合計,千円,計画累計,70063620.0
2025-10,宿泊,売上,合計,千円,計画累計,81779170.0
2025-11,宿泊,売上,合計,千円,計画累計,94803720.0
2025-12,宿泊,売上,合計,千円,計画累計,105930220.0
2026-01,宿泊,売上,合計,千円,計画累計,116368890.0
2026-02,宿泊,売上,合計,千円,計画累計,127626290.0
2026-03,宿泊,売上,合計,千円,計画累計,140716290.0
2025-04,宿泊,売上,組合員,千円,実績,2341342.0
2025-05,宿泊,売上,組合員,千円,実績,4423253.0
2025-06,宿泊,売上,組合員,千円,実績,2806664.0
2025-07,宿泊,売上,組合員,千円,実績,3921297.0
2025-08,宿泊,売上,組合員,千円,実績,5251079.0
2025-09,宿泊,売上,組合員,千円,実績,4568098.0
2025-10,宿泊,売上,組合員,千円,実績,3753270.0
2025-11,宿泊,売上,組合員,千円,実績,4258349.0
2025-12,宿泊,売上,組合員,千円,実績,5118948.0
2026-01,宿泊,売上,組合員,千円,実績,4171153.0
2026-02,宿泊,売上,組合員,千円,実績,1870573.0
2026-03,宿泊,売上,組合員,千円,実績,0.0
2025-04,宿泊,売上,組合員,千円,実績累計,2341342.0
2025-05,宿泊,売上,組合員,千円,実績累計,6764595.0
2025-06,宿泊,売上,組合員,千円,実績累計,9571259.0
2025-07,宿泊,売上,組合員,千円,実績累計,13492556.0
2025-08,宿泊,売上,組合員,千円,実績累計,18743635.0
2025-09,宿泊,売上,組合員,千円,実績累計,23311733.0
2025-10,宿泊,売上,組合員,千円,実績累計,27065003.0
2025-11,宿泊,売上,組合員,千円,実績累計,31323352.0
2025-12,宿泊,売上,組合員,千円,実績累計,36442300.0
2026-01,宿泊,売上,組合員,千円,実績累計,40613453.0
2026-02,宿泊,売上,組合員,千円,実績累計,42484026.0
2026-03,宿泊,売上,組合員,千円,実績累計,42484026.0
2025-04,宿泊,売上,組合員,千円,計画,5108400.000000001
2025-05,宿泊,売上,組合員,千円,計画,5405400.000000001
2025-06,宿泊,売上,組合員,千円,計画,4740120.000000001
2025-07,宿泊,売上,組合員,千円,計画,5167800.000000001
2025-08,宿泊,売上,組合員,千円,計画,6296400.000000001
2025-09,宿泊,売上,組合員,千円,計画,5078700.000000001
2025-10,宿泊,売上,組合員,千円,計画,5316300.000000001
2025-11,宿泊,売上,組合員,千円,計画,5910300.000000001
2025-12,宿泊,売上,組合員,千円,計画,5049000.000000001
2026-01,宿泊,売上,組合員,千円,計画,4740120.000000001
2026-02,宿泊,売上,組合員,千円,計画,5108400.000000001
2026-03,宿泊,売上,組合員,千円,計画,5940000.000000001
2025-04,宿泊,売上,組合員,千円,計画累計,5108400.000000001
2025-05,宿泊,売上,組合員,千円,計画累計,10513800.000000002
2025-06,宿泊,売上,組合員,千円,計画累計,15253920.000000004
2025-07,宿泊,売上,組合員,千円,計画累計,20421720.000000004
2025-08,宿泊,売上,組合員,千円,計画累計,26718120.000000004
2025-09,宿泊,売上,組合員,千円,計画累計,31796820.000000004
2025-10,宿泊,売上,組合員,千円,計画累計,37113120.00000001
2025-11,宿泊,売上,組合員,千円,計画累計,43023420.00000001
2025-12,宿泊,売上,組合員,千円,計画累計,48072420.00000001
2026-01,宿泊,売上,組合員,千円,計画累計,52812540.00000001
2026-02,宿泊,売上,組合員,千円,計画累計,57920940.00000001
2026-03,宿泊,売上,組合員,千円,計画累計,63860940.00000001
2025-04,宿泊,宿泊客数,その他,人,実績,911.0
2025-05,宿泊,宿泊客数,その他,人,実績,808.0
2025-06,宿泊,宿泊客数,その他,人,実績,666.0
2025-07,宿泊,宿泊客数,その他,人,実績,715.0
2025-08,宿泊,宿泊客数,その他,人,実績,1276.0
2025-09,宿泊,宿泊客数,その他,人,実績,862.0
2025-10,宿泊,宿泊客数,その他,人,実績,1143.0
2025-11,宿泊,宿泊客数,その他,人,実績,1150.0
2025-12,宿泊,宿泊客数,その他,人,実績,1072.0
2026-01,宿泊,宿泊客数,その他,人,実績,1121.0
2026-02,宿泊,宿泊客数,その他,人,実績,632.0
2026-03,宿泊,宿泊客数,その他,人,実績,0.0
2025-04,宿泊,宿泊客数,その他,人,実績累計,911.0
2025-05,宿泊,宿泊客数,その他,人,実績累計,1719.0
2025-06,宿泊,宿泊客数,その他,人,実績累計,2385.0
2025-07,宿泊,宿泊客数,その他,人,実績累計,3100.0
2025-08,宿泊,宿泊客数,その他,人,実績累計,4376.0
2025-09,宿泊,宿泊客数,その他,人,実績累計,5238.0
2025-10,宿泊,宿泊客数,その他,人,実績累計,6381.0
2025-11,宿泊,宿泊客数,その他,人,実績累計,7531.0
2025-12,宿泊,宿泊客数,その他,人,実績累計,8603.0
2026-01,宿泊,宿泊客数,その他,人,実績累計,9724.0
2026-02,宿泊,宿泊客数,その他,人,実績累計,10356.0
2026-03,宿泊,宿泊客数,その他,人,実績累計,10356.0
2025-04,宿泊,宿泊客数,その他,人,計画,860.0
2025-05,宿泊,宿泊客数,その他,人,計画,910.0
2025-06,宿泊,宿泊客数,その他,人,計画,797.0
2025-07,宿泊,宿泊客数,その他,人,計画,870.0
2025-08,宿泊,宿泊客数,その他,人,計画,1060.0
2025-09,宿泊,宿泊客数,その他,人,計画,855.0
2025-10,宿泊,宿泊客数,その他,人,計画,895.0
2025-11,宿泊,宿泊客数,その他,人,計画,995.0
2025-12,宿泊,宿泊客数,その他,人,計画,850.0
2026-01,宿泊,宿泊客数,その他,人,計画,797.0
2026-02,宿泊,宿泊客数,その他,人,計画,860.0
2026-03,宿泊,宿泊客数,その他,人,計画,1000.0
2025-04,宿泊,宿泊客数,その他,人,計画累計,860.0
2025-05,宿泊,宿泊客数,その他,人,計画累計,1770.0
2025-06,宿泊,宿泊客数,その他,人,計画累計,2567.0
2025-07,宿泊,宿泊客数,その他,人,計画累計,3437.0
2025-08,宿泊,宿泊客数,その他,人,計画累計,4497.0
2025-09,宿泊,宿泊客数,その他,人,計画累計,5352.0
2025-10,宿泊,宿泊客数,その他,人,計画累計,6247.0
2025-11,宿泊,宿泊客数,その他,人,計画累計,7242.0
2025-12,宿泊,宿泊客数,その他,人,計画累計,8092.0
2026-01,宿泊,宿泊客数,その他,人,計画累計,8889.0
2026-02,宿泊,宿泊客数,その他,人,計画累計,9749.0
2026-03,宿泊,宿泊客数,その他,人,計画累計,10749.0
2025-04,宿泊,宿泊客数,組合員,人,実績,358.0
2025-05,宿泊,宿泊客数,組合員,人,実績,737.0
2025-06,宿泊,宿泊客数,組合員,人,実績,464.0
2025-07,宿泊,宿泊客数,組合員,人,実績,605.0
2025-08,宿泊,宿泊客数,組合員,人,実績,767.0
2025-09,宿泊,宿泊客数,組合員,人,実績,724.0
2025-10,宿泊,宿泊客数,組合員,人,実績,637.0
2025-11,宿泊,宿泊客数,組合員,人,実績,748.0
2025-12,宿泊,宿泊客数,組合員,人,実績,765.0
2026-01,宿泊,宿泊客数,組合員,人,実績,603.0
2026-02,宿泊,宿泊客数,組合員,人,実績,297.0
2026-03,宿泊,宿泊客数,組合員,人,実績,0.0
2025-04,宿泊,宿泊客数,組合員,人,実績累計,358.0
2025-05,宿泊,宿泊客数,組合員,人,実績累計,1095.0
2025-06,宿泊,宿泊客数,組合員,人,実績累計,1559.0
2025-07,宿泊,宿泊客数,組合員,人,実績累計,2164.0
2025-08,宿泊,宿泊客数,組合員,人,実績累計,2931.0
2025-09,宿泊,宿泊客数,組合員,人,実績累計,3655.0
2025-10,宿泊,宿泊客数,組合員,人,実績累計,4292.0
2025-11,宿泊,宿泊客数,組合員,人,実績累計,5040.0
2025-12,宿泊,宿泊客数,組合員,人,実績累計,5805.0
2026-01,宿泊,宿泊客数,組合員,人,実績累計,6408.0
2026-02,宿泊,宿泊客数,組合員,人,実績累計,6705.0
2026-03,宿泊,宿泊客数,組合員,人,実績累計,6705.0
2025-04,宿泊,宿泊客数,組合員,人,計画,860.0
2025-05,宿泊,宿泊客数,組合員,人,計画,910.0
2025-06,宿泊,宿泊客数,組合員,人,計画,798.0
2025-07,宿泊,宿泊客数,組合員,人,計画,870.0
2025-08,宿泊,宿泊客数,組合員,人,計画,1060.0
2025-09,宿泊,宿泊客数,組合員,人,計画,855.0
2025-10,宿泊,宿泊客数,組合員,人,計画,895.0
2025-11,宿泊,宿泊客数,組合員,人,計画,995.0
2025-12,宿泊,宿泊客数,組合員,人,計画,850.0
2026-01,宿泊,宿泊客数,組合員,人,計画,798.0
2026-02,宿泊,宿泊客数,組合員,人,計画,860.0
2026-03,宿泊,宿泊客数,組合員,人,計画,1000.0
2025-04,宿泊,宿泊客数,組合員,人,計画累計,860.0
2025-05,宿泊,宿泊客数,組合員,人,計画累計,1770.0
2025-06,宿泊,宿泊客数,組合員,人,計画累計,2568.0
2025-07,宿泊,宿泊客数,組合員,人,計画累計,3438.0
2025-08,宿泊,宿泊客数,組合員,人,計画累計,4498.0
2025-09,宿泊,宿泊客数,組合員,人,計画累計,5353.0
2025-10,宿泊,宿泊客数,組合員,人,計画累計,6248.0
2025-11,宿泊,宿泊客数,組合員,人,計画累計,7243.0
2025-12,宿泊,宿泊客数,組合員,人,計画累計,8093.0
2026-01,宿泊,宿泊客数,組合員,人,計画累計,8891.0
2026-02,宿泊,宿泊客数,組合員,人,計画累計,9751.0
2026-03,宿泊,宿泊客数,組合員,人,計画累計,10751.0
2025-04,宿泊,宿泊客数,計,人,実績,1269.0
2025-05,宿泊,宿泊客数,計,人,実績,1545.0
2025-06,宿泊,宿泊客数,計,人,実績,1130.0
2025-07,宿泊,宿泊客数,計,人,実績,1320.0
2025-08,宿泊,宿泊客数,計,人,実績,2043.0
2025-09,宿泊,宿泊客数,計,人,実績,1586.0
2025-10,宿泊,宿泊客数,計,人,実績,1780.0
2025-11,宿泊,宿泊客数,計,人,実績,1898.0
2025-12,宿泊,宿泊客数,計,人,実績,1837.0
2026-01,宿泊,宿泊客数,計,人,実績,1724.0
2026-02,宿泊,宿泊客数,計,人,実績,929.0
2026-03,宿泊,宿泊客数,計,人,実績,0.0
2025-04,宿泊,宿泊客数,計,人,実績累計,1269.0
2025-05,宿泊,宿泊客数,計,人,実績累計,2814.0
2025-06,宿泊,宿泊客数,計,人,実績累計,3944.0
2025-07,宿泊,宿泊客数,計,人,実績累計,5264.0
2025-08,宿泊,宿泊客数,計,人,実績累計,7307.0
2025-09,宿泊,宿泊客数,計,人,実績累計,8893.0
2025-10,宿泊,宿泊客数,計,人,実績累計,10673.0
2025-11,宿泊,宿泊客数,計,人,実績累計,12571.0
2025-12,宿泊,宿泊客数,計,人,実績累計,14408.0
2026-01,宿泊,宿泊客数,計,人,実績累計,16132.0
2026-02,宿泊,宿泊客数,計,人,実績累計,17061.0
2026-03,宿泊,宿泊客数,計,人,実績累計,17061.0
2025-04,宿泊,宿泊客数,計,人,計画,1720.0
2025-05,宿泊,宿泊客数,計,人,計画,1820.0
2025-06,宿泊,宿泊客数,計,人,計画,1595.0
2025-07,宿泊,宿泊客数,計,人,計画,1740.0
2025-08,宿泊,宿泊客数,計,人,計画,2120.0
2025-09,宿泊,宿泊客数,計,人,計画,1710.0
2025-10,宿泊,宿泊客数,計,人,計画,1790.0
2025-11,宿泊,宿泊客数,計,人,計画,1990.0
2025-12,宿泊,宿泊客数,計,人,計画,1700.0
2026-01,宿泊,宿泊客数,計,人,計画,1595.0
2026-02,宿泊,宿泊客数,計,人,計画,1720.0
2026-03,宿泊,宿泊客数,計,人,計画,2000.0
2025-04,宿泊,宿泊客数,計,人,計画累計,1720.0
2025-05,宿泊,宿泊客数,計,人,計画累計,3540.0
2025-06,宿泊,宿泊客数,計,人,計画累計,5135.0
2025-07,宿泊,宿泊客数,計,人,計画累計,6875.0
2025-08,宿泊,宿泊客数,計,人,計画累計,8995.0
2025-09,宿泊,宿泊客数,計,人,計画累計,10705.0
2025-10,宿泊,宿泊客数,計,人,計画累計,12495.0
2025-11,宿泊,宿泊客数,計,人,計画累計,14485.0
2025-12,宿泊,宿泊客数,計,人,計画累計,16185.0
2026-01,宿泊,宿泊客数,計,人,計画累計,17780.0
2026-02,宿泊,宿泊客数,計,人,計画累計,19500.0
2026-03,宿泊,宿泊客数,計,人,計画累計,21500.0
2025-04,宿泊,食事,出数,食,実績,785.0
2025-04,宿泊,食事,出数,食,実績,174.0
2025-05,宿泊,食事,出数,食,実績,1063.0
2025-05,宿泊,食事,出数,食,実績,247.0
2025-06,宿泊,食事,出数,食,実績,705.0
2025-06,宿泊,食事,出数,食,実績,180.0
2025-07,宿泊,食事,出数,食,実績,765.0
2025-07,宿泊,食事,出数,食,実績,129.0
2025-08,宿泊,食事,出数,食,実績,1152.0
2025-08,宿泊,食事,出数,食,実績,214.0
2025-09,宿泊,食事,出数,食,実績,1064.0
2025-09,宿泊,食事,出数,食,実績,284.0
2025-10,宿泊,食事,出数,食,実績,1113.0
2025-10,宿泊,食事,出数,食,実績,291.0
2025-11,宿泊,食事,出数,食,実績,1226.0
2025-11,宿泊,食事,出数,食,実績,393.0
2025-12,宿泊,食事,出数,食,実績,1257.0
2025-12,宿泊,食事,出数,食,実績,365.0
2026-01,宿泊,食事,出数,食,実績,1193.0
2026-01,宿泊,食事,出数,食,実績,467.0
2026-02,宿泊,食事,出数,食,実績,511.0
2026-02,宿泊,食事,出数,食,実績,159.0
2026-03,宿泊,食事,出数,食,実績,0.0
2026-03,宿泊,食事,出数,食,実績,0.0
2025-04,宿泊,食事,出数,食,実績累計,785.0
2025-04,宿泊,食事,出数,食,実績累計,959.0
2025-05,宿泊,食事,出数,食,実績累計,2022.0
2025-05,宿泊,食事,出数,食,実績累計,2269.0
2025-06,宿泊,食事,出数,食,実績累計,2974.0
2025-06,宿泊,食事,出数,食,実績累計,3154.0
2025-07,宿泊,食事,出数,食,実績累計,3919.0
2025-07,宿泊,食事,出数,食,実績累計,4048.0
2025-08,宿泊,食事,出数,食,実績累計,5200.0
2025-08,宿泊,食事,出数,食,実績累計,5414.0
2025-09,宿泊,食事,出数,食,実績累計,6478.0
2025-09,宿泊,食事,出数,食,実績累計,6762.0
2025-10,宿泊,食事,出数,食,実績累計,7875.0
2025-10,宿泊,食事,出数,食,実績累計,8166.0
2025-11,宿泊,食事,出数,食,実績累計,9392.0
2025-11,宿泊,食事,出数,食,実績累計,9785.0
2025-12,宿泊,食事,出数,食,実績累計,11042.0
2025-12,宿泊,食事,出数,食,実績累計,11407.0
2026-01,宿泊,食事,出数,食,実績累計,12600.0
2026-01,宿泊,食事,出数,食,実績累計,13067.0
2026-02,宿泊,食事,出数,食,実績累計,13578.0
2026-02,宿泊,食事,出数,食,実績累計,13737.0
2026-03,宿泊,食事,出数,食,実績累計,13737.0
2026-03,宿泊,食事,出数,食,実績累計,13737.0
2025-04,宿泊,食事,出数,食,計画,1189.6404087944607
2025-04,宿泊,食事,出数,食,計画,222.79610669386338
2025-05,宿泊,食事,出数,食,計画,1258.8055488406503
2025-05,宿泊,食事,出数,食,計画,235.74936871094843
2025-06,宿泊,食事,出数,食,計画,1103.1839837367238
2025-06,宿泊,食事,出数,食,計画,206.604529172507
2025-07,宿泊,食事,出数,食,計画,1203.4734368036986
2025-07,宿泊,食事,出数,食,計画,225.38675909728036
2025-08,宿泊,食事,出数,食,計画,1466.300968979219
2025-08,宿泊,食事,出数,食,計画,274.6091547622037
2025-09,宿泊,食事,出数,食,計画,1182.7238947898418
2025-09,宿泊,食事,出数,食,計画,221.50078049215483
2025-10,宿泊,食事,出数,食,計画,1238.0560068267935
2025-10,宿泊,食事,出数,食,計画,231.8633901058229
2025-11,宿泊,食事,出数,食,計画,1376.3862869191726
2025-11,宿泊,食事,出数,食,計画,257.76991413999303
2025-12,宿泊,食事,出数,食,計画,1175.8073807852227
2025-12,宿泊,食事,出数,食,計画,220.2054542904463
2026-01,宿泊,食事,出数,食,計画,1103.1839837367238
2026-01,宿泊,食事,出数,食,計画,206.604529172507
2026-02,宿泊,食事,出数,食,計画,1189.6404087944607
2026-02,宿泊,食事,出数,食,計画,222.79610669386338
2026-03,宿泊,食事,出数,食,計画,1383.3028009237917
2026-03,宿泊,食事,出数,食,計画,259.06524034170155
2025-04,宿泊,食事,出数,食,計画累計,1189.6404087944607
2025-04,宿泊,食事,出数,食,計画累計,1412.436515488324
2025-05,宿泊,食事,出数,食,計画累計,2671.2420643289743
2025-05,宿泊,食事,出数,食,計画累計,2906.991433039923
2025-06,宿泊,食事,出数,食,計画累計,4010.1754167766467
2025-06,宿泊,食事,出数,食,計画累計,4216.779945949153
2025-07,宿泊,食事,出数,食,計画累計,5420.253382752852
2025-07,宿泊,食事,出数,食,計画累計,5645.640141850133
2025-08,宿泊,食事,出数,食,計画累計,7111.941110829352
2025-08,宿泊,食事,出数,食,計画累計,7386.550265591555
2025-09,宿泊,食事,出数,食,計画累計,8569.274160381397
2025-09,宿泊,食事,出数,食,計画累計,8790.774940873553
2025-10,宿泊,食事,出数,食,計画累計,10028.830947700346
2025-10,宿泊,食事,出数,食,計画累計,10260.69433780617
2025-11,宿泊,食事,出数,食,計画累計,11637.080624725342
2025-11,宿泊,食事,出数,食,計画累計,11894.850538865336
2025-12,宿泊,食事,出数,食,計画累計,13070.657919650559
2025-12,宿泊,食事,出数,食,計画累計,13290.863373941005
2026-01,宿泊,食事,出数,食,計画累計,14394.04735767773
2026-01,宿泊,食事,出数,食,計画累計,14600.651886850237
2026-02,宿泊,食事,出数,食,計画累計,15790.292295644698
2026-02,宿泊,食事,出数,食,計画累計,16013.088402338562
2026-03,宿泊,食事,出数,食,計画累計,17396.391203262356
2026-03,宿泊,食事,出数,食,計画累計,17655.456443604056
2025-04,宿泊,食事,喫食率,％,実績,61.9
2025-04,宿泊,食事,喫食率,％,実績,13.7
2025-05,宿泊,食事,喫食率,％,実績,68.8
2025-05,宿泊,食事,喫食率,％,実績,16.0
2025-06,宿泊,食事,喫食率,％,実績,62.4
2025-06,宿泊,食事,喫食率,％,実績,15.9
2025-07,宿泊,食事,喫食率,％,実績,58.0
2025-07,宿泊,食事,喫食率,％,実績,9.8
2025-08,宿泊,食事,喫食率,％,実績,56.4
2025-08,宿泊,食事,喫食率,％,実績,10.5
2025-09,宿泊,食事,喫食率,％,実績,67.1
2025-09,宿泊,食事,喫食率,％,実績,17.9
2025-10,宿泊,食事,喫食率,％,実績,62.5
2025-10,宿泊,食事,喫食率,％,実績,16.3
2025-11,宿泊,食事,喫食率,％,実績,64.6
2025-11,宿泊,食事,喫食率,％,実績,20.7
2025-12,宿泊,食事,喫食率,％,実績,68.4
2025-12,宿泊,食事,喫食率,％,実績,19.9
2026-01,宿泊,食事,喫食率,％,実績,69.2
2026-01,宿泊,食事,喫食率,％,実績,27.1
2026-02,宿泊,食事,喫食率,％,実績,55.0
2026-02,宿泊,食事,喫食率,％,実績,17.1
2025-04,宿泊,食事,喫食率,％,実績累計,61.9
2025-04,宿泊,食事,喫食率,％,実績累計,75.6
2025-05,宿泊,食事,喫食率,％,実績累計,144.39999999999998
2025-05,宿泊,食事,喫食率,％,実績累計,160.39999999999998
2025-06,宿泊,食事,喫食率,％,実績累計,222.79999999999998
2025-06,宿泊,食事,喫食率,％,実績累計,238.7
2025-07,宿泊,食事,喫食率,％,実績累計,296.7
2025-07,宿泊,食事,喫食率,％,実績累計,306.5
2025-08,宿泊,食事,喫食率,％,実績累計,362.9
2025-08,宿泊,食事,喫食率,％,実績累計,373.4
2025-09,宿泊,食事,喫食率,％,実績累計,440.5
2025-09,宿泊,食事,喫食率,％,実績累計,458.4
2025-10,宿泊,食事,喫食率,％,実績累計,520.9
2025-10,宿泊,食事,喫食率,％,実績累計,537.1999999999999
2025-11,宿泊,食事,喫食率,％,実績累計,601.8
2025-11,宿泊,食事,喫食率,％,実績累計,622.5
2025-12,宿泊,食事,喫食率,％,実績累計,690.9
2025-12,宿泊,食事,喫食率,％,実績累計,710.8
2026-01,宿泊,食事,喫食率,％,実績累計,780.0
2026-01,宿泊,食事,喫食率,％,実績累計,807.1
2026-02,宿泊,食事,喫食率,％,実績累計,862.1
2026-02,宿泊,食事,喫食率,％,実績累計,879.2
2025-04,宿泊,食事,喫食率,％,計画,69.16514004618958
2025-04,宿泊,食事,喫食率,％,計画,12.953262017085079
2025-05,宿泊,食事,喫食率,％,計画,69.16514004618958
2025-05,宿泊,食事,喫食率,％,計画,12.953262017085079
2025-06,宿泊,食事,喫食率,％,計画,69.16514004618958
2025-06,宿泊,食事,喫食率,％,計画,12.953262017085079
2025-07,宿泊,食事,喫食率,％,計画,69.16514004618958
2025-07,宿泊,食事,喫食率,％,計画,12.953262017085079
2025-08,宿泊,食事,喫食率,％,計画,69.16514004618958
2025-08,宿泊,食事,喫食率,％,計画,12.953262017085079
2025-09,宿泊,食事,喫食率,％,計画,69.16514004618958
2025-09,宿泊,食事,喫食率,％,計画,12.953262017085077
2025-10,宿泊,食事,喫食率,％,計画,69.16514004618958
2025-10,宿泊,食事,喫食率,％,計画,12.953262017085079
2025-11,宿泊,食事,喫食率,％,計画,69.16514004618958
2025-11,宿泊,食事,喫食率,％,計画,12.953262017085077
2025-12,宿泊,食事,喫食率,％,計画,69.16514004618956
2025-12,宿泊,食事,喫食率,％,計画,12.953262017085077
2026-01,宿泊,食事,喫食率,％,計画,69.16514004618958
2026-01,宿泊,食事,喫食率,％,計画,12.953262017085079
2026-02,宿泊,食事,喫食率,％,計画,69.16514004618958
2026-02,宿泊,食事,喫食率,％,計画,12.953262017085079
2025-04,宿泊,食事,喫食率,％,計画累計,69.16514004618958
2025-04,宿泊,食事,喫食率,％,計画累計,82.11840206327466
2025-05,宿泊,食事,喫食率,％,計画累計,151.28354210946424
2025-05,宿泊,食事,喫食率,％,計画累計,164.23680412654932
2025-06,宿泊,食事,喫食率,％,計画累計,233.4019441727389
2025-06,宿泊,食事,喫食率,％,計画累計,246.35520618982397
2025-07,宿泊,食事,喫食率,％,計画累計,315.52034623601355
2025-07,宿泊,食事,喫食率,％,計画累計,328.47360825309863
2025-08,宿泊,食事,喫食率,％,計画累計,397.6387482992882
2025-08,宿泊,食事,喫食率,％,計画累計,410.59201031637326
2025-09,宿泊,食事,喫食率,％,計画累計,479.7571503625628
2025-09,宿泊,食事,喫食率,％,計画累計,492.7104123796479
2025-10,宿泊,食事,喫食率,％,計画累計,561.8755524258374
2025-10,宿泊,食事,喫食率,％,計画累計,574.8288144429225
2025-11,宿泊,食事,喫食率,％,計画累計,643.9939544891121
2025-11,宿泊,食事,喫食率,％,計画累計,656.9472165061972
2025-12,宿泊,食事,喫食率,％,計画累計,726.1123565523867
2025-12,宿泊,食事,喫食率,％,計画累計,739.0656185694718
2026-01,宿泊,食事,喫食率,％,計画累計,808.2307586156613
2026-01,宿泊,食事,喫食率,％,計画累計,821.1840206327464
2026-02,宿泊,食事,喫食率,％,計画累計,890.349160678936
2026-02,宿泊,食事,喫食率,％,計画累計,903.302422696021
2025-04,宿泊,食事,"目標単価1,240円",千円,実績,959267.0
2025-05,宿泊,食事,"目標単価1,240円",千円,実績,1293820.0
2025-06,宿泊,食事,"目標単価1,240円",千円,実績,856380.0
2025-07,宿泊,食事,"目標単価1,240円",千円,実績,928190.0
2025-08,宿泊,食事,"目標単価1,240円",千円,実績,1381126.0
2025-09,宿泊,食事,"目標単価1,240円",千円,実績,1282640.0
2025-10,宿泊,食事,"目標単価1,240円",千円,実績,1364445.0
2025-11,宿泊,食事,"目標単価1,240円",千円,実績,1506320.0
2025-12,宿泊,食事,"目標単価1,240円",千円,実績,1640968.0
2026-01,宿泊,食事,"目標単価1,240円",千円,実績,1519200.0
2026-02,宿泊,食事,"目標単価1,240円",千円,実績,621760.0
2026-03,宿泊,食事,"目標単価1,240円",千円,実績,0.0
2025-04,宿泊,食事,"目標単価1,240円",千円,実績累計,959267.0
2025-05,宿泊,食事,"目標単価1,240円",千円,実績累計,2253087.0
2025-06,宿泊,食事,"目標単価1,240円",千円,実績累計,3109467.0
2025-07,宿泊,食事,"目標単価1,240円",千円,実績累計,4037657.0
2025-08,宿泊,食事,"目標単価1,240円",千円,実績累計,5418783.0
2025-09,宿泊,食事,"目標単価1,240円",千円,実績累計,6701423.0
2025-10,宿泊,食事,"目標単価1,240円",千円,実績累計,8065868.0
2025-11,宿泊,食事,"目標単価1,240円",千円,実績累計,9572188.0
2025-12,宿泊,食事,"目標単価1,240円",千円,実績累計,11213156.0
2026-01,宿泊,食事,"目標単価1,240円",千円,実績累計,12732356.0
2026-02,宿泊,食事,"目標単価1,240円",千円,実績累計,13354116.0
2026-03,宿泊,食事,"目標単価1,240円",千円,実績累計,13354116.0
2025-04,宿泊,食事,"目標単価1,240円",千円,計画,1474760.837348505
2025-05,宿泊,食事,"目標単価1,240円",千円,計画,1560502.7464966741
2025-06,宿泊,食事,"目標単価1,240円",千円,計画,1367583.450913294
2025-07,宿泊,食事,"目標単価1,240円",千円,計画,1491909.219178139
2025-08,宿泊,食事,"目標単価1,240円",千円,計画,1817728.4739411806
2025-09,宿泊,食事,"目標単価1,240円",千円,計画,1466186.6464336882
2025-10,宿泊,食事,"目標単価1,240円",千円,計画,1534780.1737522234
2025-11,宿泊,食事,"目標単価1,240円",千円,計画,1706263.992048561
2025-12,宿泊,食事,"目標単価1,240円",千円,計画,1457612.455518871
2026-01,宿泊,食事,"目標単価1,240円",千円,計画,1367583.450913294
2026-02,宿泊,食事,"目標単価1,240円",千円,計画,1474760.837348505
2026-03,宿泊,食事,"目標単価1,240円",千円,計画,1714838.1829633783
2025-04,宿泊,食事,"目標単価1,240円",千円,計画累計,1474760.837348505
2025-05,宿泊,食事,"目標単価1,240円",千円,計画累計,3035263.583845179
2025-06,宿泊,食事,"目標単価1,240円",千円,計画累計,4402847.034758473
2025-07,宿泊,食事,"目標単価1,240円",千円,計画累計,5894756.253936612
2025-08,宿泊,食事,"目標単価1,240円",千円,計画累計,7712484.727877793
2025-09,宿泊,食事,"目標単価1,240円",千円,計画累計,9178671.37431148
2025-10,宿泊,食事,"目標単価1,240円",千円,計画累計,10713451.548063705
2025-11,宿泊,食事,"目標単価1,240円",千円,計画累計,12419715.540112266
2025-12,宿泊,食事,"目標単価1,240円",千円,計画累計,13877327.995631138
2026-01,宿泊,食事,"目標単価1,240円",千円,計画累計,15244911.446544431
2026-02,宿泊,食事,"目標単価1,240円",千円,計画累計,16719672.283892937
2026-03,宿泊,食事,"目標単価1,240円",千円,計画累計,18434510.466856316
2025-04,宿泊,食事,"目標単価4,959円",千円,実績,623295.0
2025-05,宿泊,食事,"目標単価4,959円",千円,実績,962333.0
2025-06,宿泊,食事,"目標単価4,959円",千円,実績,801215.0
2025-07,宿泊,食事,"目標単価4,959円",千円,実績,600237.0
2025-08,宿泊,食事,"目標単価4,959円",千円,実績,970496.0
2025-09,宿泊,食事,"目標単価4,959円",千円,実績,1083678.0
2025-10,宿泊,食事,"目標単価4,959円",千円,実績,1106348.0
2025-11,宿泊,食事,"目標単価4,959円",千円,実績,1395891.0
2025-12,宿泊,食事,"目標単価4,959円",千円,実績,1886701.0
2026-01,宿泊,食事,"目標単価4,959円",千円,実績,2551909.0
2026-02,宿泊,食事,"目標単価4,959円",千円,実績,800887.0
2026-03,宿泊,食事,"目標単価4,959円",千円,実績,0.0
2025-04,宿泊,食事,"目標単価4,959円",千円,実績累計,623295.0
2025-05,宿泊,食事,"目標単価4,959円",千円,実績累計,1585628.0
2025-06,宿泊,食事,"目標単価4,959円",千円,実績累計,2386843.0
2025-07,宿泊,食事,"目標単価4,959円",千円,実績累計,2987080.0
2025-08,宿泊,食事,"目標単価4,959円",千円,実績累計,3957576.0
2025-09,宿泊,食事,"目標単価4,959円",千円,実績累計,5041254.0
2025-10,宿泊,食事,"目標単価4,959円",千円,実績累計,6147602.0
2025-11,宿泊,食事,"目標単価4,959円",千円,実績累計,7543493.0
2025-12,宿泊,食事,"目標単価4,959円",千円,実績累計,9430194.0
2026-01,宿泊,食事,"目標単価4,959円",千円,実績累計,11982103.0
2026-02,宿泊,食事,"目標単価4,959円",千円,実績累計,12782990.0
2026-03,宿泊,食事,"目標単価4,959円",千円,実績累計,12782990.0
2025-04,宿泊,食事,"目標単価4,959円",千円,計画,1104774.0827794878
2025-05,宿泊,食事,"目標単価4,959円",千円,計画,1169005.1341038765
2025-06,宿泊,食事,"目標単価4,959円",千円,計画,1024485.2686240016
2025-07,宿泊,食事,"目標単価4,959円",千円,計画,1117620.2930443655
2025-08,宿泊,食事,"目標単価4,959円",千円,計画,1361698.2880770431
2025-09,宿泊,食事,"目標単価4,959円",千円,計画,1098350.977647049
2025-10,宿泊,食事,"目標単価4,959円",千円,計画,1149735.81870656
2025-11,宿泊,食事,"目標単価4,959円",千円,計画,1278197.9213553374
2025-12,宿泊,食事,"目標単価4,959円",千円,計画,1091927.87251461
2026-01,宿泊,食事,"目標単価4,959円",千円,計画,1024485.2686240016
2026-02,宿泊,食事,"目標単価4,959円",千円,計画,1104774.0827794878
2026-03,宿泊,食事,"目標単価4,959円",千円,計画,1284621.0264877763
2025-04,宿泊,食事,"目標単価4,959円",千円,計画累計,1104774.0827794878
2025-05,宿泊,食事,"目標単価4,959円",千円,計画累計,2273779.216883364
2025-06,宿泊,食事,"目標単価4,959円",千円,計画累計,3298264.485507366
2025-07,宿泊,食事,"目標単価4,959円",千円,計画累計,4415884.778551731
2025-08,宿泊,食事,"目標単価4,959円",千円,計画累計,5777583.066628775
2025-09,宿泊,食事,"目標単価4,959円",千円,計画累計,6875934.044275824
2025-10,宿泊,食事,"目標単価4,959円",千円,計画累計,8025669.862982384
2025-11,宿泊,食事,"目標単価4,959円",千円,計画累計,9303867.784337722
2025-12,宿泊,食事,"目標単価4,959円",千円,計画累計,10395795.656852331
2026-01,宿泊,食事,"目標単価4,959円",千円,計画累計,11420280.925476333
2026-02,宿泊,食事,"目標単価4,959円",千円,計画累計,12525055.00825582
2026-03,宿泊,食事,"目標単価4,959円",千円,計画累計,13809676.034743598
